<?xml version="1.0" encoding="UTF-8"?>
<project-private xmlns="http://www.netbeans.org/ns/project-private/1">
    <editor-bookmarks xmlns="http://www.netbeans.org/ns/editor-bookmarks/2" lastBookmarkId="0"/>
    <open-files xmlns="http://www.netbeans.org/ns/projectui-open-files/2">
        <group>
            <file>file:/C:/Users/Laukesh%20Kumar/OneDrive/Documents/NetBeansProjects/Examination-System-master/src/java/myPackage/DatabaseClass.java</file>
            <file>file:/C:/Users/Laukesh%20Kumar/OneDrive/Documents/NetBeansProjects/Examination-System-master/web/register.html</file>
            <file>file:/C:/Users/Laukesh%20Kumar/OneDrive/Documents/NetBeansProjects/Examination-System-master/web/dashboard.jsp</file>
            <file>file:/C:/Users/Laukesh%20Kumar/OneDrive/Documents/NetBeansProjects/Examination-System-master/src/java/myPackage/classes/Answers.java</file>
            <file>file:/C:/Users/Laukesh%20Kumar/OneDrive/Documents/NetBeansProjects/Examination-System-master/web/contactuspage.html</file>
            <file>file:/C:/Users/Laukesh%20Kumar/OneDrive/Documents/NetBeansProjects/Examination-System-master/web/login.jsp</file>
            <file>file:/C:/Users/Laukesh%20Kumar/OneDrive/Documents/NetBeansProjects/Examination-System-master/web/index.jsp</file>
        </group>
    </open-files>
</project-private>
